Config,PriorityMode,MaxTradesPerDay,MaxJPYSameDirection,MaxAUDSameDirection,MaxGBPSameDirection,MaxEURSameDirection,Full_Trades,Full_PF,Full_TotalPips,Full_MaxDD,Full_RoMD,OOS_Trades,OOS_PF,OOS_TotalPips,OOS_MaxDD,OOS_RoMD,Q1_Trades,Q1_PF,Q1_TotalPips,Q1_MaxDD,Q1_RoMD,RejectedTrades,RejectedRatePct,Delta_Full_TotalPips,Delta_Full_MaxDD,Delta_Full_RoMD,Delta_OOS_TotalPips,Delta_OOS_MaxDD,Delta_OOS_RoMD,Delta_Q1_TotalPips,Delta_Q1_MaxDD,Delta_Q1_RoMD
Base_NoFilter,entry_time,,,,,,15265,1.368,86558.7,2201.7,39.31,1541,1.403,9885.6,872.8,11.33,348,1.237,1358.8,600.0,2.26,0,0.0,0.0,0.0,0.0,0.0,0.0,0.0,0.0,0.0,0.0
MaxTrades_3,entry_time,3.0,,,,,7512,1.348,43182.0,1599.9,26.99,828,1.329,4584.4,631.1,7.26,168,1.17,546.0,460.3,1.19,7753,50.79,-43376.7,-601.8,-12.32,-5301.2,-241.7,-4.07,-812.8,-139.7,-1.07
MaxTrades_4,entry_time,4.0,,,,,9532,1.346,52813.1,1424.1,37.09,1037,1.367,6227.5,705.6,8.83,217,1.114,465.9,531.6,0.88,5733,37.56,-33745.6,-777.6,-2.22,-3658.1,-167.2,-2.5,-892.9,-68.4,-1.38
MaxTrades_5,entry_time,5.0,,,,,11201,1.344,60583.3,1569.1,38.61,1200,1.377,7352.9,844.0,8.71,258,1.056,267.1,682.1,0.39,4064,26.62,-25975.4,-632.6,-0.7,-2532.7,-28.8,-2.62,-1091.7,82.1,-1.87
MaxTrades_6,entry_time,6.0,,,,,12489,1.357,69151.3,1742.9,39.68,1337,1.379,8188.5,867.8,9.44,290,1.105,552.3,694.6,0.8,2776,18.19,-17407.4,-458.8,0.37,-1697.1,-5.0,-1.89,-806.5,94.6,-1.46
MaxTrades_7,entry_time,7.0,,,,,13511,1.361,75018.6,1748.3,42.91,1430,1.419,9585.1,778.1,12.32,314,1.181,976.8,590.7,1.65,1754,11.49,-11540.1,-453.4,3.6,-300.5,-94.7,0.99,-382.0,-9.3,-0.61
MaxTrades_8,entry_time,8.0,,,,,14200,1.363,79585.6,1833.3,43.41,1485,1.409,9709.9,872.8,11.12,330,1.192,1075.5,600.0,1.79,1065,6.98,-6973.1,-368.4,4.1,-175.7,0.0,-0.21,-283.3,0.0,-0.47
MaxJPYSameDir_1,entry_time,,1.0,,,,9817,1.336,53107.6,1801.2,29.48,1104,1.376,6795.7,785.4,8.65,233,1.323,1270.1,380.5,3.34,5448,35.69,-33451.1,-400.5,-9.83,-3089.9,-87.4,-2.68,-88.7,-219.5,1.08
MaxJPYSameDir_2,entry_time,,2.0,,,,11827,1.344,65414.9,1606.3,40.72,1277,1.357,7635.7,859.2,8.89,282,1.13,669.4,594.3,1.13,3438,22.52,-21143.8,-595.4,1.41,-2249.9,-13.6,-2.44,-689.4,-5.7,-1.13
MaxJPYSameDir_3,entry_time,,3.0,,,,13196,1.356,74154.2,1789.0,41.45,1389,1.402,9063.8,718.9,12.61,310,1.172,932.4,580.7,1.61,2069,13.55,-12404.5,-412.7,2.14,-821.8,-153.9,1.28,-426.4,-19.3,-0.65
MaxAUDSameDir_1,entry_time,,,1.0,,,10709,1.376,65155.6,1660.5,39.24,1176,1.318,6423.0,807.9,7.95,234,1.219,867.1,467.1,1.86,4556,29.85,-21403.1,-541.2,-0.07,-3462.6,-64.9,-3.38,-491.7,-132.9,-0.4
MaxAUDSameDir_2,entry_time,,,2.0,,,12812,1.359,74074.8,2172.6,34.1,1374,1.34,7800.3,872.8,8.94,285,1.231,1106.4,490.6,2.26,2453,16.07,-12483.9,-29.1,-5.21,-2085.3,0.0,-2.39,-252.4,-109.4,0.0
MaxAUDSameDir_3,entry_time,,,3.0,,,14196,1.367,82084.7,1954.7,41.99,1467,1.356,8548.7,899.1,9.51,323,1.204,1120.8,600.0,1.87,1069,7.0,-4474.0,-247.0,2.68,-1336.9,26.3,-1.82,-238.0,0.0,-0.39
MaxJPY_1_MaxAUD_1,entry_time,,1.0,1.0,,,6429,1.354,38883.7,1323.5,29.38,766,1.263,3686.3,682.0,5.41,146,1.463,1131.6,259.3,4.36,8836,57.88,-47675.0,-878.2,-9.93,-6199.3,-190.8,-5.92,-227.2,-340.7,2.1
MaxJPY_1_MaxAUD_2,entry_time,,1.0,2.0,,,8151,1.328,45895.3,1587.8,28.9,957,1.301,5034.4,801.4,6.28,190,1.407,1341.7,308.1,4.35,7114,46.6,-40663.4,-613.9,-10.41,-4851.2,-71.4,-5.05,-17.1,-291.9,2.09
MaxJPY_1_MaxAUD_3,entry_time,,1.0,3.0,,,8996,1.336,49908.7,1643.7,30.36,1036,1.32,5627.4,913.3,6.16,214,1.322,1200.7,380.5,3.16,6269,41.07,-36650.0,-558.0,-8.95,-4258.2,40.5,-5.17,-158.1,-219.5,0.9
MaxJPY_2_MaxAUD_1,entry_time,,2.0,1.0,,,7900,1.348,47579.6,1327.2,35.85,925,1.255,4387.0,836.5,5.24,181,1.111,391.6,470.0,0.83,7365,48.25,-38979.1,-874.5,-3.46,-5498.6,-36.3,-6.09,-967.2,-130.0,-1.43
MaxJPY_2_MaxAUD_2,entry_time,,2.0,2.0,,,9870,1.335,56633.4,1577.1,35.91,1119,1.289,5738.4,897.0,6.4,228,1.14,605.0,475.3,1.27,5395,35.34,-29925.3,-624.6,-3.4,-4147.2,24.2,-4.93,-753.8,-124.7,-0.99
MaxJPY_2_MaxAUD_3,entry_time,,2.0,3.0,,,10867,1.344,61825.8,1429.3,43.26,1205,1.305,6364.9,962.1,6.62,259,1.101,497.5,558.3,0.89,4398,28.81,-24732.9,-772.4,3.95,-3520.7,89.3,-4.71,-861.3,-41.7,-1.37
MaxJPY_3_MaxAUD_1,entry_time,,3.0,1.0,,,8889,1.366,54899.4,1264.6,43.41,1029,1.308,5633.5,848.1,6.64,201,1.128,473.0,457.8,1.03,6376,41.77,-31659.3,-937.1,4.1,-4252.1,-24.7,-4.69,-885.8,-142.2,-1.23
MaxJPY_3_MaxAUD_2,entry_time,,3.0,2.0,,,10982,1.345,63502.1,1723.7,36.84,1226,1.337,7062.8,809.2,8.73,251,1.168,764.3,523.7,1.46,4283,28.06,-23056.6,-478.0,-2.47,-2822.8,-63.6,-2.6,-594.5,-76.3,-0.8
MaxJPY_3_MaxAUD_3,entry_time,,3.0,3.0,,,12222,1.358,70996.0,1502.5,47.25,1316,1.353,7768.4,781.7,9.94,286,1.142,735.9,580.7,1.27,3043,19.93,-15562.7,-699.2,7.94,-2117.2,-91.1,-1.39,-622.9,-19.3,-0.99
MaxTrades_4_JPY_2_AUD_2,entry_time,4.0,2.0,2.0,,,9014,1.321,49905.2,1602.4,31.14,998,1.295,5165.1,844.4,6.12,205,1.075,307.4,585.5,0.53,6251,40.95,-36653.5,-599.3,-8.17,-4720.5,-28.4,-5.21,-1051.4,-14.5,-1.73
MaxTrades_4_JPY_2_AUD_3,entry_time,4.0,2.0,3.0,,,9259,1.328,50455.1,1717.9,29.37,1017,1.329,5671.1,785.0,7.22,215,1.074,314.4,599.2,0.52,6006,39.34,-36103.6,-483.8,-9.94,-4214.5,-87.8,-4.11,-1044.4,-0.8,-1.74
MaxTrades_4_JPY_3_AUD_2,entry_time,4.0,3.0,2.0,,,9232,1.344,53122.5,1649.8,32.2,1014,1.326,5639.2,861.7,6.54,207,1.16,618.0,466.8,1.32,6033,39.52,-33436.2,-551.9,-7.11,-4246.4,-11.1,-4.79,-740.8,-133.2,-0.94
MaxTrades_4_JPY_3_AUD_3,entry_time,4.0,3.0,3.0,,,9468,1.343,52600.4,1408.9,37.33,1032,1.348,5965.8,802.3,7.44,216,1.109,445.6,529.3,0.84,5797,37.98,-33958.3,-792.8,-1.98,-3919.8,-70.5,-3.89,-913.2,-70.7,-1.42
MaxTrades_5_JPY_2_AUD_2,entry_time,5.0,2.0,2.0,,,9820,1.338,56761.3,1634.9,34.72,1103,1.276,5389.7,1033.3,5.22,227,1.118,509.1,475.3,1.07,5445,35.67,-29797.4,-566.8,-4.59,-4495.9,160.5,-6.11,-849.7,-124.7,-1.19
MaxTrades_5_JPY_2_AUD_3,entry_time,5.0,2.0,3.0,,,10415,1.332,57414.0,1420.9,40.41,1147,1.285,5663.8,1091.1,5.19,244,1.011,51.5,689.6,0.07,4850,31.77,-29144.7,-780.8,1.1,-4221.8,218.3,-6.14,-1307.3,89.6,-2.19
MaxTrades_5_JPY_3_AUD_2,entry_time,5.0,3.0,2.0,,,10465,1.33,58146.7,1776.8,32.73,1143,1.32,6266.7,853.2,7.34,242,1.114,511.3,604.9,0.85,4800,31.44,-28412.0,-424.9,-6.58,-3618.9,-19.6,-3.99,-847.5,4.9,-1.41
MaxTrades_5_JPY_3_AUD_3,entry_time,5.0,3.0,3.0,,,10943,1.347,61359.6,1388.3,44.2,1182,1.336,6669.8,810.6,8.23,254,1.06,283.7,652.3,0.43,4322,28.31,-25199.1,-813.4,4.89,-3215.8,-62.2,-3.1,-1075.1,52.3,-1.83
MaxTrades_6_JPY_2_AUD_2,entry_time,6.0,2.0,2.0,,,9870,1.335,56633.4,1577.1,35.91,1119,1.289,5738.4,897.0,6.4,228,1.14,605.0,475.3,1.27,5395,35.34,-29925.3,-624.6,-3.4,-4147.2,24.2,-4.93,-753.8,-124.7,-0.99
MaxTrades_6_JPY_2_AUD_3,entry_time,6.0,2.0,3.0,,,10803,1.344,61442.6,1452.0,42.32,1198,1.291,6018.9,962.1,6.26,256,1.078,381.4,639.9,0.6,4462,29.23,-25116.1,-749.7,3.01,-3866.7,89.3,-5.07,-977.4,39.9,-1.66
MaxTrades_6_JPY_3_AUD_2,entry_time,6.0,3.0,2.0,,,10962,1.345,63432.7,1723.7,36.8,1214,1.339,7043.9,919.4,7.66,251,1.168,764.3,523.7,1.46,4303,28.19,-23126.0,-478.0,-2.51,-2841.7,46.6,-3.67,-594.5,-76.3,-0.8
MaxTrades_6_JPY_3_AUD_3,entry_time,6.0,3.0,3.0,,,11892,1.345,66788.8,1465.7,45.57,1277,1.322,6920.2,977.4,7.08,277,1.08,408.5,667.9,0.61,3373,22.1,-19769.9,-736.0,6.26,-2965.4,104.6,-4.25,-950.3,67.9,-1.65
MaxTrades_7_JPY_2_AUD_2,entry_time,7.0,2.0,2.0,,,9870,1.335,56633.4,1577.1,35.91,1119,1.289,5738.4,897.0,6.4,228,1.14,605.0,475.3,1.27,5395,35.34,-29925.3,-624.6,-3.4,-4147.2,24.2,-4.93,-753.8,-124.7,-0.99
MaxTrades_7_JPY_2_AUD_3,entry_time,7.0,2.0,3.0,,,10865,1.343,61705.2,1429.3,43.17,1205,1.305,6364.9,962.1,6.62,259,1.101,497.5,558.3,0.89,4400,28.82,-24853.5,-772.4,3.86,-3520.7,89.3,-4.71,-861.3,-41.7,-1.37
MaxTrades_7_JPY_3_AUD_2,entry_time,7.0,3.0,2.0,,,10982,1.345,63502.1,1723.7,36.84,1226,1.337,7062.8,809.2,8.73,251,1.168,764.3,523.7,1.46,4283,28.06,-23056.6,-478.0,-2.47,-2822.8,-63.6,-2.6,-594.5,-76.3,-0.8
MaxTrades_7_JPY_3_AUD_3,entry_time,7.0,3.0,3.0,,,12208,1.359,71066.1,1502.5,47.3,1314,1.358,7853.4,781.7,10.05,286,1.142,735.9,580.7,1.27,3057,20.03,-15492.6,-699.2,7.99,-2032.2,-91.1,-1.28,-622.9,-19.3,-0.99
Rank_MaxTrades_4_JPY_2_AUD_2,long_term_rank,4.0,2.0,2.0,,,9017,1.339,51556.2,1155.4,44.62,999,1.278,4872.5,978.6,4.98,206,1.131,483.4,501.1,0.96,6248,40.93,-35002.5,-1046.3,5.31,-5013.1,105.8,-6.35,-875.4,-98.9,-1.3
Rank_MaxTrades_5_JPY_2_AUD_2,long_term_rank,5.0,2.0,2.0,,,10096,1.333,56234.5,1453.2,38.7,1111,1.269,5207.2,1078.8,4.83,235,1.134,557.0,416.2,1.34,5169,33.86,-30324.2,-748.5,-0.61,-4678.4,206.0,-6.5,-801.8,-183.8,-0.92
Rank_MaxTrades_6_JPY_2_AUD_2,long_term_rank,6.0,2.0,2.0,,,10240,1.333,56734.7,1385.9,40.94,1130,1.27,5292.0,1047.4,5.05,239,1.119,501.6,430.8,1.16,5025,32.92,-29824.0,-815.8,1.63,-4593.6,174.6,-6.28,-857.2,-169.2,-1.1
